Player,Pos,GP,G,A,+/-,PIM,S,TOI,BLK,HIT,FOW,FOL,id
Nicholas Abruzzese,C,9,1,0,-1,2,8,92,3,7,2,5,abruzni01
Noel Acciari,C,20,3,5,2,11,32,240,16,48,84,82,acciano01
Calen Addison,D,15,2,2,-4,2,17,207,6,12,0,0,addisca01
Andrew Agozzino,LW,1,0,0,0,0,1,7,0,4,1,2,agozzan01
Jack Ahcan,D,6,1,0,-3,0,5,96,5,8,0,0,ahcanja01
Sebastian Aho,F,79,37,44,18,38,221,1497,23,76,555,504,ahose01
Sebastian Aho,D,36,2,10,-6,10,34,592,42,32,0,0,ahose02
Alexander Alexeyev,D,1,0,0,0,2,0,11,0,1,0,0,alexeal01
Wade Allison,RW,1,0,0,-1,0,2,8,0,1,0,0,alliswa01
Michael Amadio,C,56,11,7,1,15,64,681,16,42,30,42,amadimi01
Joey Anderson,RW,5,0,0,0,0,10,44,0,3,0,0,anderjo08
Josh Anderson,RW,69,19,13,-25,65,151,1189,35,153,20,22,anderjo05
Michael Anderson,D,57,2,6,6,8,58,1147,69,133,0,0,andermi02
Jaret Anderson-Dolan,C,7,0,0,-3,4,5,97,3,12,9,7,anderja01
Lias Andersson,C,20,1,1,-7,12,29,212,3,23,21,26,anderli01
Rasmus Andersson,D,82,4,46,30,28,152,1859,125,63,0,0,anderra01
Andy Andreoff,LW,6,1,0,-1,0,6,60,1,11,9,8,andrean01
Anthony Angello,C,4,0,0,0,2,2,27,0,13,0,1,angelan01
Mason Appleton,C,68,8,13,-1,30,98,1012,20,64,7,15,applema01
Josh Archibald,RW,8,0,1,-2,7,4,72,2,27,2,2,archijo01
Joel Armia,RW,60,6,8,-15,14,103,823,27,104,3,14,armiajo01
Viktor Arvidsson,LW,66,20,29,1,22,227,1121,45,23,12,21,arvidvi01
Rasmus Asplund,F,80,8,19,-5,10,130,1142,14,30,26,35,asplura01
Zach Aston-Reese,C,69,5,10,9,28,78,900,42,231,4,4,astonza01
Andreas Athanasiou,C,28,11,6,7,4,71,427,10,11,13,7,athanan01
Cam Atkinson,RW,73,23,27,-2,10,215,1332,45,20,5,12,atkinca01
Ronald Attard,D,15,2,2,-2,8,16,249,17,24,0,0,attarro01
Nicolas Aube-Kubel,RW,74,11,12,11,47,87,726,18,140,3,9,aubekni01
Mikael Backlund,C,82,12,27,16,30,214,1404,27,62,621,608,backlmi01
Nicklas Backstrom,C,47,6,25,-8,12,68,822,16,16,301,348,backsni02
Brandon Baddock,LW,1,0,0,0,0,0,8,0,6,0,0,baddobr01
Sven Baertschi,LW,1,0,0,-1,0,1,14,0,0,0,0,baertsv01
Kevin Bahl,D,17,1,3,-6,10,16,268,15,28,0,0,bahlke01
Josh Bailey,C,74,14,30,-7,6,87,1250,26,19,43,67,bailejo01
Justin Bailey,RW,14,0,0,-5,6,16,127,6,12,0,1,baileju01
Rudolfs Balcers,LW,61,11,12,-3,20,98,917,43,115,8,12,balceru01
Alexander Barabanov,F,70,10,29,-5,14,103,1203,39,53,0,1,barabal01
Ivan Barbashev,C,81,26,34,4,40,111,1332,28,160,131,197,barbaiv01
Riley Barber,RW,4,0,0,-2,2,4,34,1,3,0,0,barberi01
Aleksander Barkov,C,67,39,49,36,18,214,1360,42,50,713,539,barkoal01
Alex Barre-Boulet,F,16,3,3,0,4,16,176,3,10,6,9,barreal01
Tyson Barrie,D,73,7,34,3,18,149,1384,73,27,0,0,barrity01
Justin Barron,D,7,1,1,-3,0,13,120,5,5,0,0,barroju01
Morgan Barron,C,27,2,3,-4,8,33,265,8,49,30,24,barromo01
Mathew Barzal,C,73,15,44,-15,18,161,1315,17,36,234,271,barzama01
Nathan Bastian,RW,72,12,6,-12,65,97,857,40,210,23,25,bastina01
Drake Batherson,C,46,17,27,4,32,110,871,15,89,18,25,bathedr01
Gavin Bayreuther,D,43,0,8,0,22,44,561,45,50,0,0,bayrega01
Jay Beagle,RW,33,1,1,-20,27,24,455,16,50,265,199,beaglja01
Jake Bean,D,67,7,18,-5,26,90,1378,71,41,0,0,beanja01
Ethan Bear,D,58,5,9,1,20,97,933,41,55,0,0,bearet01
Nicolas Beaudin,D,2,0,0,-1,0,1,12,1,0,0,0,beaudni01
Nathan Beaulieu,D,24,0,4,-7,25,24,258,19,19,0,0,beaulna01
Anthony Beauvillier,LW,75,12,22,-10,12,154,1263,20,39,4,6,beauvan01
Adam Beckman,LW,3,0,1,-1,2,4,31,1,1,0,0,beckmad01
Pierre-Edouard Bellemare,LW,80,9,11,24,19,72,1101,44,88,483,452,bellepi01
Kieffer Bellows,LW,45,6,13,-1,19,79,534,14,103,0,1,belloki01
Alex Belzile,F,11,0,0,0,4,13,114,5,17,8,11,belzial01
Emil Bemstrom,C,41,6,5,-1,4,62,431,6,36,2,2,bemstem01
Matthew Beniers,C,10,3,6,-1,0,18,169,4,7,39,53,beniema01
Jamie Benn,LW,82,18,28,-13,88,182,1373,60,143,492,399,bennja01
Jordie Benn,D,39,1,7,1,10,37,584,41,51,0,0,bennjo01
Sam Bennett,C,71,28,21,27,74,241,1203,27,119,411,466,bennesa01
Matt Benning,D,65,0,11,-24,39,61,1062,67,82,0,0,bennima01
Simon Benoit,D,53,1,4,-5,22,45,747,39,168,0,0,benoisi01
Tyler Benson,LW,29,1,1,-5,18,18,248,3,45,0,1,bensoty01
Patrice Bergeron,C,73,25,40,26,32,293,1326,45,78,991,609,bergepa01
Jacob Bernard-Docker,D,8,0,1,1,4,6,118,3,4,0,0,bernaja01
Tyler Bertuzzi,LW,68,30,32,-11,47,180,1351,41,65,6,17,bertuty01
Alex Biega,D,2,0,0,-2,0,2,26,1,5,0,0,biegaal01
Brandon Biro,F,1,0,0,0,0,0,14,0,1,0,0,birobr01
Clark Bishop,C,9,0,1,-3,6,8,75,3,12,3,3,bishocl01
Anders Bjork,LW,58,5,3,-14,10,51,698,16,11,1,4,bjorkan01
Kasper Bjorkqvist,RW,6,1,0,-1,2,8,50,2,9,0,0,bjorkka01
Oliver Bjorkstrand,RW,80,28,29,-35,16,215,1436,31,85,10,13,bjorkol01
Tobias Bjornfot,D,70,0,8,-12,6,53,1173,58,61,0,0,bjornto01
Nick Bjugstad,C,57,7,6,-2,20,81,585,14,99,141,114,bjugsni01
Colin Blackwell,C,58,10,10,0,14,77,692,24,91,83,86,blackco01
Sammy Blais,LW,14,0,4,3,17,17,188,8,37,1,4,blaissa01
Nick Blankenburg,D,7,1,2,-3,4,13,123,12,19,0,0,blankni01
Anton Blidh,LW,32,2,7,-3,24,28,343,17,82,0,3,blidhan01
Teddy Blueger,C,65,9,19,12,10,93,976,32,87,357,315,bluegte01
Brock Boeser,RW,71,23,23,-5,20,195,1321,26,35,27,26,boesebr01
Zach Bogosian,D,48,3,5,2,53,60,737,34,114,0,0,bogosza01
Matt Boldy,LW,47,15,24,17,10,113,723,24,23,9,15,boldyma01
Nick Bonino,C,80,16,10,-25,18,137,1336,102,34,475,450,boninni01
Adam Boqvist,D,52,11,11,-11,12,64,886,47,26,0,0,boqviad01
Jesper Boqvist,C,56,10,13,-9,10,74,735,16,31,168,282,boqvije01
Thomas Bordeleau,C,8,0,5,-1,0,13,125,4,3,40,49,bordeth01
William Borgen,D,36,2,6,1,28,49,550,33,89,0,0,borgewi01
Henrik Borgstrom,C,52,4,3,-14,22,41,547,19,26,82,122,borgshe01
Mark Borowiecki,D,57,0,4,-9,151,45,747,79,196,0,0,borowma01
Robert Bortuzzo,D,73,1,5,-4,36,47,1003,98,135,0,0,borturo01
Evan Bouchard,D,81,12,31,10,28,205,1604,112,80,0,0,bouchev01
Madison Bowey,D,2,0,0,-3,0,0,31,2,4,0,0,boweyma01
Travis Boyd,C,74,17,18,-10,34,88,1222,55,71,420,507,boydtr01
Brian Boyle,C,66,11,10,6,27,87,712,39,95,165,200,boylebr01
Tyler Bozak,C,50,3,9,-11,14,46,609,21,20,175,212,bozakty01
Erik Brannstrom,D,53,0,14,-17,30,86,1048,59,39,0,0,branner01
Derick Brassard,C,46,8,11,4,16,62,594,6,82,169,161,brassde01
Jesper Bratt,W,76,26,47,0,16,197,1325,30,26,0,3,brattje01
Justin Braun,D,69,6,12,2,36,73,1349,121,87,0,0,braunju01
Bobby Brink,RW,10,0,4,-5,0,18,154,2,15,3,1,brinkbo01
Guillaume Brisebois,D,1,0,0,-1,0,0,4,1,0,0,0,brisegu01
Philip Broberg,D,23,1,2,-8,8,29,310,10,10,0,0,brobeph01
T.J. Brodie,D,82,4,24,20,34,68,1748,106,53,0,0,broditj01
Jonas Brodin,D,73,5,25,9,18,126,1711,126,42,0,0,brodijo01
Jonny Brodzinski,C,22,1,1,1,10,34,239,8,8,49,48,brodzjo01
Adam Brooks,C,25,2,1,2,2,14,224,6,11,23,34,brookad01
Connor Brown,RW,64,10,29,-15,10,121,1284,37,14,48,85,brownco02
Dustin Brown,RW,64,9,19,-3,20,146,943,20,88,2,8,browndu01
Josh Brown,D,52,0,6,-7,37,45,739,62,118,0,0,brownjo01
Logan Brown,C,39,4,7,-3,8,34,397,13,22,66,102,brownlo01
Patrick Brown,C,44,4,5,-16,11,51,547,36,100,242,172,brownpa02
Jacob Bryson,D,73,1,9,-9,12,43,1338,73,55,0,0,brysoja01
Pavel Buchnevich,LW,73,30,46,29,34,199,1336,15,57,13,26,buchnpa01
Connor Bunnaman,F,15,0,0,-7,4,10,150,2,17,57,50,bunnaco01
Michael Bunting,LW,79,23,40,27,80,175,1228,21,85,8,8,buntimi01
Andre Burakovsky,LW,80,22,39,12,18,149,1301,34,49,8,12,burakan01
Brent Burns,D,82,10,44,-15,42,203,2144,150,55,0,1,burnsbr01
Kyle Burroughs,D,42,1,4,-3,39,39,543,59,122,0,0,burroky01
Will Butcher,D,37,2,6,-10,0,35,610,32,11,0,0,butchwi01
Quinton Byfield,C,40,5,5,-7,20,39,486,11,20,124,149,byfiequ01
Bowen Byram,D,30,5,12,7,12,49,564,26,53,0,0,byrambo01
Paul Byron,LW,27,4,3,-8,2,33,340,7,66,33,36,byronpa01
Drake Caggiula,LW,18,2,3,-4,4,23,263,7,17,1,3,caggidr01
Kyle Capobianco,D,45,2,7,-12,38,40,720,46,43,0,0,capobky01
Michael Carcone,F,21,4,2,-8,14,36,259,7,31,0,7,carcomi01
Brandon Carlo,D,79,6,9,2,31,125,1557,104,143,0,0,carlobr01
John Carlson,D,78,17,54,13,20,195,1857,112,73,0,0,carlsjo01
Gabriel Carlsson,D,38,2,7,6,10,18,466,33,27,0,0,carlsga01
Lucas Carlsson,D,40,3,6,3,10,41,508,29,39,0,0,carlslu01
Ryan Carpenter,C,67,3,9,-11,36,67,843,44,136,200,188,carpery01
Sam Carrick,C,64,11,8,-12,85,80,734,21,122,204,209,carrisa01
Alexandre Carrier,D,77,3,27,26,50,95,1616,124,95,0,1,carrial01
William Carrier,LW,63,9,11,7,34,120,732,24,159,4,4,carriwi01
Jeff Carter,C,76,19,26,-8,38,200,1343,50,99,648,489,carteje01
Jackson Cates,C,11,1,0,-2,0,8,100,3,4,20,13,catesja01
Noah Cates,LW,16,5,4,4,4,23,212,6,21,0,7,catesno01
Cole Caufield,RW,67,23,20,-24,10,188,1118,7,18,5,5,caufico01
Cody Ceci,D,78,5,23,8,14,102,1630,121,117,0,0,cecico01
Erik Cernak,D,55,1,12,7,46,86,1053,73,165,0,0,cernaer01
Thomas Chabot,D,59,7,31,-3,26,173,1545,93,73,0,0,chaboth01
Mitchell Chaffee,F,2,0,0,1,0,1,15,0,7,0,0,chaffmi01
Zdeno Chara,D,72,2,12,8,85,81,1349,90,125,0,0,charazd01
Jalen Chatfield,D,16,0,3,1,8,25,237,10,32,0,0,chatfja01
Ben Chiarot,D,74,9,17,-14,48,143,1691,130,157,0,0,chiarbe01
Alex Chiasson,RW,67,13,9,4,24,98,779,18,68,10,13,chiasal01
Yegor Chinakhov,RW,62,7,7,-27,16,98,775,16,50,0,6,chinaye01
Declan Chisholm,D,2,0,0,1,0,4,26,1,1,0,0,chishde01
Sasha Chmelevski,C,19,0,8,2,4,31,251,4,20,31,48,chmelal01
Dennis Cholowski,D,11,0,3,-3,2,11,174,13,5,0,0,cholode01
Jake Christiansen,D,8,1,0,1,0,4,78,6,9,0,0,chrisja01
Jakob Chychrun,D,47,7,14,-20,47,141,1081,66,51,0,0,chychja01
Filip Chytil,C,67,8,14,-1,14,135,883,27,24,135,176,chytifi01
Anthony Cirelli,C,76,17,26,15,70,146,1392,67,75,441,507,cirelan01
Casey Cizikas,C,74,10,6,-3,48,91,1017,43,138,534,427,cizikca01
Fredrik Claesson,D,9,0,0,-3,0,4,89,6,12,0,0,claesfr01
Kale Clague,D,36,2,8,-10,20,26,603,23,14,0,0,claguka01
Kyle Clifford,LW,25,1,3,-5,31,29,220,5,50,3,4,cliffky01
Connor Clifton,D,60,2,8,-2,32,80,964,62,156,0,0,cliftco01
Cal Clutterbuck,RW,59,6,9,-6,10,74,828,23,229,11,4,cluttca01
Dylan Coghlan,D,59,3,10,-5,18,108,838,61,62,0,0,coghldy01
Andrew Cogliano,LW,74,4,12,-18,20,75,938,31,104,8,13,coglian01
Ian Cole,D,75,2,17,15,83,77,1286,104,110,0,0,coleia01
Blake Coleman,C,81,16,17,16,60,212,1200,44,163,2,17,colembl01
Ross Colton,C,79,22,17,4,24,159,1011,36,153,303,278,coltoro01
Blake Comeau,RW,6,1,0,-1,4,2,69,3,13,1,0,comeabl01
J.T. Compher,LW,70,18,15,6,25,102,1143,55,31,338,319,comphj.01
Max Comtois,LW,52,6,10,-17,46,72,735,17,111,22,24,comtoma01
Kevin Connauton,D,39,1,2,-3,4,30,510,32,74,0,0,connake01
Brett Connolly,RW,9,0,1,-3,15,6,76,3,7,0,0,connobr01
Kyle Connor,LW,79,47,46,-3,4,317,1720,23,32,1,6,connoky01
Andrew Copp,C,72,21,32,15,16,183,1381,41,45,377,332,coppan01
Paul Cotter,C,7,2,0,1,6,11,62,1,17,0,1,cottepa01
Nick Cousins,C,68,9,13,-8,31,103,848,28,66,23,26,cousini01
Logan Couture,C,77,23,33,-11,18,199,1458,58,92,621,654,coutulo01
Sean Couturier,C,29,6,11,-6,14,79,591,18,22,238,190,coutuse01
Charlie Coyle,C,82,16,28,-6,32,131,1427,39,84,540,560,coylech01
Dylan Cozens,C,79,13,25,-19,55,160,1256,22,35,383,457,cozendy01
Joseph Cramarossa,C,1,0,1,0,2,1,7,0,1,0,0,cramajo01
Kyle Criscuolo,C,6,0,2,1,2,5,57,1,6,4,9,criscky01
Sidney Crosby,C,69,31,53,19,32,208,1378,37,50,760,690,crosbsi01
Lawson Crouse,LW,65,20,14,-9,52,131,1133,36,181,16,32,crousla01
Austin Czarnik,C,17,2,5,5,0,14,185,7,3,23,36,czarnau01
Kirby Dach,C,70,9,17,-18,43,116,1263,44,49,179,366,dachki01
Evgenii Dadonov,RW,78,20,23,4,18,177,1234,25,65,1,4,dadonev01
Jonathan Dahlen,C,61,12,10,-25,12,105,841,34,16,0,1,dahlejo01
Rasmus Dahlin,D,80,13,40,-22,68,170,1921,91,121,0,0,dahlira01
Carl Dahlstrom,D,3,0,2,2,2,4,41,2,1,0,0,dahlsca01
Michael Dal Colle,LW,1,0,0,1,0,2,15,0,0,0,0,dalcomi01
Zac Dalpe,RW,1,0,0,-1,0,0,6,1,2,1,3,dalpeza01
Riley Damiani,C,7,1,1,0,2,10,60,0,4,7,7,damiari01
Phillip Danault,C,79,27,24,14,38,194,1432,49,74,676,586,danauph01
Justin Danforth,RW,45,10,4,-5,10,72,566,22,85,107,92,danfoju01
Laurent Dauphin,C,38,4,8,-10,25,50,505,27,31,104,143,dauphla01
Jeremy Davies,D,6,0,2,-5,2,5,74,1,5,0,0,davieje01
Sean Day,D,2,0,0,-2,0,2,21,2,4,0,0,dayse01
Calvin de Haan,D,69,4,4,-21,33,107,1308,172,146,0,0,dehaaca01
Chase De Leo,C,2,0,0,-1,0,2,16,0,5,0,2,deleoch01
Anthony DeAngelo,D,64,10,41,30,56,151,1268,59,41,0,0,deangan01
Alex DeBrincat,RW,82,41,37,-13,19,270,1710,35,101,24,40,debrial01
Jake DeBrusk,LW,77,25,17,6,10,184,1158,25,62,10,12,debruja01
Danny DeKeyser,D,59,0,11,-8,26,57,1092,102,49,0,0,dekeyda01
Michael Del Zotto,D,26,3,10,-4,4,35,475,34,42,0,0,delzomi01
Ty Dellandrea,C,1,0,0,-1,0,1,11,0,3,1,2,dellaty01
Dylan DeMelo,D,76,1,12,10,28,78,1406,108,113,0,0,demeldy01
Grigori Denisenko,LW,1,0,0,0,2,3,16,2,1,0,0,denisgr01
Travis Dermott,D,60,2,5,9,14,46,920,46,55,0,0,dermotr01
Nicolas Deslauriers,LW,81,8,5,-11,113,90,921,49,263,1,3,deslani01
Connor Dewar,C,35,2,4,-4,25,44,346,22,48,62,71,dewarco01
Jason Dickinson,C,62,5,6,-1,19,66,809,43,101,123,166,dickija01
Brenden Dillon,D,79,3,17,16,67,85,1488,108,212,0,0,dillobr01
Cam Dineen,D,34,0,7,-16,4,52,532,44,22,0,0,dineeca01
Noah Dobson,D,80,13,38,-3,18,190,1717,154,78,0,0,dobsono01
Max Domi,LW,72,11,28,10,55,104,939,9,24,39,47,domima01
Ryan Donato,C,74,16,15,-13,40,159,1021,17,70,15,23,donatry01
Joonas Donskoi,RW,75,2,20,-10,14,89,1113,31,36,5,9,donskjo01
Pavel Dorofeyev,LW,2,0,0,-1,2,1,13,1,0,0,0,dorofpa01
Drew Doughty,D,39,7,24,4,30,99,1004,53,60,0,0,doughdr01
Nic Dowd,C,64,10,14,10,44,90,913,53,139,506,437,dowdni01
Justin Dowling,C,22,2,2,-3,2,17,211,9,10,21,19,dowliju01
Leon Draisaitl,C,80,55,55,17,40,278,1788,25,53,887,774,draisle01
Hunter Drew,D,2,0,0,0,5,0,20,0,5,0,0,drewhu01
Sheldon Dries,C,11,2,1,-3,0,17,113,6,9,7,14,driessh01
Jonathan Drouin,LW,34,6,14,-9,23,62,581,11,27,31,35,drouijo01
Jack Drury,C,2,2,0,3,2,6,32,2,4,12,3,druryja01
Jamie Drysdale,D,81,4,28,-26,16,137,1610,72,40,0,0,drysdja01
Dillon Dube,C,79,18,14,1,20,143,1014,15,87,92,102,dubedi01
Pierre-Luc Dubois,LW,81,28,32,-6,106,233,1533,43,112,532,603,duboipi01
Matt Duchene,C,78,43,43,6,38,228,1483,28,31,119,101,duchema01
Anthony Duclair,LW,74,31,27,19,30,167,1110,16,38,1,1,duclaan01
Walker Duehr,F,1,0,0,0,0,0,9,0,0,0,0,duehrwa01
Brandon Duhaime,RW,80,6,11,-2,122,91,817,18,201,8,20,duhaibr01
Mathew Dumba,D,57,7,20,9,47,116,1317,84,114,0,0,dumbama01
Brian Dumoulin,D,76,3,15,24,24,91,1658,139,88,0,0,dumoubr01
Vince Dunn,D,73,7,28,-21,63,121,1509,82,76,0,0,dunnvi02
Sean Durzi,D,64,3,24,-9,55,119,1254,121,74,0,0,durzise01
Christian Dvorak,C,56,11,22,-19,24,87,973,52,32,548,419,dvorach01
Ryan Dzingel,C,32,5,3,-5,35,32,439,9,20,65,88,dzingry01
Cody Eakin,C,69,4,8,-15,22,74,938,29,33,482,378,eakinco01
Jordan Eberle,RW,79,21,23,-28,14,164,1418,40,48,6,14,eberljo01
Alexander Edler,D,41,3,16,18,34,54,757,70,56,0,0,edleral01
Joel Edmundson,D,24,3,3,-1,35,32,470,45,61,0,0,edmunjo01
Nikolaj Ehlers,LW,62,28,27,18,20,245,1120,27,32,2,1,ehlerni01
Jack Eichel,C,34,14,11,3,10,133,659,35,45,184,195,eicheja01
Aaron Ekblad,D,61,15,42,38,26,180,1520,69,62,0,0,ekblaaa01
Mattias Ekholm,D,76,6,25,14,44,145,1784,96,79,0,0,ekholma01
William Eklund,LW,9,0,4,-3,2,8,129,4,4,3,5,eklunwi01
Oliver Ekman-Larsson,D,79,5,24,5,52,168,1763,79,105,0,0,ekmanol01
Remi Elie,LW,1,0,0,-2,0,2,11,0,3,0,0,eliere01
Lars Eller,C,72,13,18,-4,40,116,1161,36,95,510,521,ellerla01
Ryan Ellis,D,4,1,4,2,0,6,91,6,1,0,0,ellisry01
Turner Elson,LW,2,0,0,-1,0,1,27,1,3,0,0,elsontu01
Pierre Engvall,LW,78,15,20,13,30,154,1036,12,66,29,40,engvapi01
Tyler Ennis,C,57,8,16,-6,16,89,715,24,70,20,9,ennisty01
Mackenzie Entwistle,RW,55,5,7,-16,23,34,563,22,129,18,27,entwima01
Loui Eriksson,LW,73,3,16,-18,6,81,943,23,17,20,16,erikslo01
Joel Eriksson Ek,C,77,26,23,16,28,223,1431,44,138,697,768,eriksjo02
Adam Erne,LW,79,6,13,-22,34,108,1057,43,161,34,31,ernead01
Jake Evans,C,72,13,16,-5,22,124,1123,37,88,461,465,evansja02
Michael Eyssimont,C,1,0,0,0,0,1,6,0,0,0,0,eyssimi01
Robby Fabbri,C,56,17,13,-23,35,123,970,19,86,54,55,fabbrro01
Dante Fabbro,D,66,3,21,13,24,88,1257,105,69,0,0,fabbrda01
Samuel Fagemo,LW,4,0,0,-2,0,5,55,3,2,0,0,fagemsa01
Radek Faksa,C,77,5,14,-20,52,89,1214,68,129,383,312,faksara01
Joel Farabee,LW,63,17,17,-11,50,119,1108,38,73,41,102,farabjo01
Hudson Fasching,RW,11,0,0,-3,0,3,109,6,16,1,0,faschhu01
Jesper Fast,RW,82,14,20,24,4,97,1214,36,109,12,17,fastje01
Justin Faulk,D,76,16,31,41,43,167,1763,101,149,0,0,faulkju01
Martin Fehervary,D,79,8,9,15,26,96,1553,117,251,0,0,feherma01
Mario Ferraro,D,63,2,12,-5,16,49,1449,151,140,0,0,ferrama01
Kevin Fiala,LW,82,33,52,23,52,262,1447,21,52,4,11,fialake01
Christian Fischer,RW,53,5,5,-15,14,76,695,22,91,76,147,fischch01
Casey Fitzgerald,D,36,0,6,-19,36,41,608,35,86,0,0,fitzgca01
Trey Fix-Wolansky,RW,6,1,1,-1,0,5,38,4,7,0,0,fixwotr01
Cale Fleury,D,9,0,0,-3,0,4,131,14,19,0,0,fleurca01
Haydn Fleury,D,36,2,2,0,13,52,586,62,60,0,0,fleurha01
Warren Foegele,LW,82,12,14,-9,24,142,1034,15,127,13,15,foegewa01
Steven Fogarty,C,2,0,0,-2,2,2,21,0,0,7,10,fogarst01
Marcus Foligno,LW,74,23,19,25,112,98,1214,42,238,12,8,foligma01
Nick Foligno,LW,64,2,11,-13,61,99,798,31,164,22,17,foligni01
Callan Foote,D,56,2,7,6,29,49,735,57,83,0,0,footeca01
Nolan Foote,LW,7,3,1,3,0,10,73,1,8,0,3,footeno01
Derek Forbort,D,76,4,10,2,48,64,1376,100,133,0,0,forbode01
Alex Formenton,LW,79,18,14,-13,59,162,1221,24,101,8,12,formeal01
Filip Forsberg,C,69,42,42,12,22,226,1249,48,112,1,0,forsbfi01
Gustav Forsling,D,71,10,27,41,18,145,1507,86,45,0,0,forslgu02
Gabriel Fortier,LW,10,1,0,-2,4,14,93,5,24,1,0,fortiga01
Liam Foudy,C,1,0,0,-1,0,1,12,0,1,0,0,foudyli01
Cam Fowler,D,76,9,33,-9,14,124,1856,116,37,0,0,fowleca01
Adam Fox,D,78,11,63,18,26,158,1865,128,30,0,0,foxad01
Trent Frederic,C,60,8,10,10,57,100,699,22,119,35,54,fredetr01
Mark Friedman,D,26,1,4,1,23,27,345,25,27,0,0,friedma01
Martin Frk,RW,6,2,0,-4,2,15,84,0,11,0,0,frkma01
Jesper Froden,F,7,1,0,4,2,10,90,5,8,0,0,frodeje01
Morgan Frost,C,55,5,11,-11,14,85,766,29,44,226,241,frostmo01
Kurtis Gabriel,RW,2,0,0,0,0,0,12,0,7,0,0,gabriku01
Jonah Gadjovich,LW,43,1,2,-9,74,36,377,14,104,1,2,gadjojo01
Sam Gagner,C,81,13,18,-4,32,132,1103,25,21,142,162,gagnesa01
Alex Galchenyuk,C,60,6,15,-11,32,89,789,24,67,214,195,galchal01
Brendan Gallagher,RW,56,7,17,-7,69,142,841,29,54,13,22,gallabr01
Jakub Galvas,D,6,0,0,0,0,8,109,9,2,0,0,galvaja01
Dylan Gambrell,C,63,3,4,2,12,58,765,39,103,295,309,gambrdy01
Rhett Gardner,C,4,0,0,-1,0,0,32,1,5,5,6,gardnrh01
Conor Garland,RW,77,19,33,18,36,203,1263,22,52,5,5,garlaco01
Adam Gaudette,C,58,5,9,-9,17,94,657,10,72,56,71,gaudead01
Frederick Gaudreau,C,76,14,30,12,8,132,1240,43,48,461,461,gaudrfr01
Johnny Gaudreau,LW,82,40,75,64,26,262,1523,9,10,1,0,gaudrjo01
Brendan Gaunce,C,30,5,2,2,12,44,243,9,42,66,60,gauncbr01
Frederik Gauthier,C,8,0,0,-1,0,4,89,3,16,33,42,gauthfr01
Julien Gauthier,RW,49,3,4,-9,8,69,505,14,98,1,2,gauthju01
Vladislav Gavrikov,D,80,5,28,-3,68,108,1783,138,124,0,0,gavrivl01
Glenn Gawdin,C,2,0,0,0,2,3,18,1,1,3,8,gawdigl01
Morgan Geekie,C,73,7,15,-16,18,97,920,23,55,351,318,geekimo01
Mason Geertsen,D,25,0,0,-6,77,12,174,7,58,0,0,geertma01
Timothy Gettinger,LW,8,0,0,0,0,3,76,5,15,2,2,gettiti01
Ryan Getzlaf,C,56,3,34,-14,29,104,1062,56,89,546,479,getzlry01
Mark Giordano,D,75,8,27,-9,57,151,1566,139,75,0,0,giordma01
Samuel Girard,D,67,5,23,-4,20,79,1450,90,65,0,0,girarsa01
Zemgus Girgensons,C,56,10,8,-7,27,92,828,25,81,143,144,girgeze01
Claude Giroux,C,75,21,44,-5,26,205,1430,16,68,733,483,giroucl01
Cody Glass,C,8,0,1,0,0,9,91,4,13,20,37,glassco01
Luke Glendening,C,82,9,7,-17,15,116,1157,59,179,425,299,glendlu01
Alex Goligoski,D,72,2,28,41,34,80,1363,96,56,0,0,goligal01
Barclay Goodrow,RW,79,13,20,13,69,116,1320,54,130,366,375,goodrba01
Shayne Gostisbehere,D,82,14,37,-23,26,151,1820,115,60,0,0,gostish01
Yanni Gourde,C,74,21,27,-13,45,127,1368,31,77,444,453,gourdya01
Mikael Granlund,C,80,11,53,-9,33,117,1633,45,92,569,637,granlmi01
Derek Grant,C,71,15,14,-16,27,117,1016,49,69,204,216,grantde01
Ryan Graves,D,75,6,22,-9,24,111,1554,135,90,0,0,gravery01
Anthony Greco,RW,1,0,0,0,0,5,10,1,1,0,0,grecoan01
Andy Greene,D,69,2,8,-13,10,52,1201,126,39,0,0,greenan01
Jordan Greenway,LW,62,10,17,26,69,110,903,31,155,18,31,greenjo02
A.J. Greer,LW,9,1,1,0,2,14,71,3,20,2,1,greeraj01
Noah Gregor,C,63,8,15,-21,25,156,941,49,118,12,23,gregono01
Seth Griffith,C,1,0,0,1,0,0,6,0,1,0,0,griffse01
Rocco Grimaldi,C,7,0,0,0,2,8,77,0,5,6,3,grimaro01
Jordan Gross,D,1,0,0,0,4,0,8,0,1,0,0,grossjo01
Benoit-Olivier Groulx,C,18,1,2,0,2,17,198,6,19,38,45,groulbe01
Carl Grundstrom,RW,54,9,6,4,26,83,588,19,134,6,13,grundca01
Matt Grzelcyk,D,73,4,20,22,24,118,1367,83,40,0,0,grzelma01
Radko Gudas,D,77,3,13,27,105,100,1387,118,355,0,0,gudasra01
Erik Gudbranson,D,78,6,11,15,68,129,1415,92,145,0,0,gudbrer01
Jake Guentzel,C,76,40,44,13,44,264,1527,38,72,13,12,guentja01
Brendan Guhle,D,6,0,0,0,0,6,88,4,11,0,0,guhlebr01
Denis Gurianov,RW,73,11,20,2,16,144,1036,32,67,0,0,guriade01
David Gustafsson,C,2,0,0,0,0,0,5,0,0,0,4,gustada01
Erik Gustafsson,D,59,3,15,-4,14,79,957,55,45,0,0,gustaer02
Brandon Hagel,LW,77,25,19,-18,31,125,1259,32,63,24,33,hagelbr01
Carl Hagelin,LW,53,3,11,10,20,71,755,12,32,4,10,hagelca01
Robert Hagg,D,64,1,8,-9,35,59,1025,102,138,0,0,haggro01
Nicolas Hague,D,52,4,10,6,38,116,970,80,57,0,0,hagueni01
Libor Hajek,D,17,0,1,-10,8,12,223,26,7,0,0,hajekli01
Jani Hakanpaa,D,80,4,8,1,43,68,1297,112,248,0,0,hakanja01
Jayden Halbgewachs,F,3,0,1,1,4,7,39,0,3,0,0,halbgja01
Taylor Hall,LW,81,20,41,11,42,217,1329,36,55,18,21,hallta02
Filip Hallander,C,1,0,0,0,0,0,6,0,0,0,0,hallafi01
Dougie Hamilton,D,62,9,21,-19,34,197,1316,92,87,0,0,hamildo01
Travis Hamonic,D,43,4,6,6,14,82,810,93,73,0,0,hamontr01
Noah Hanifin,D,81,10,38,27,19,189,1726,84,63,0,0,hanifno01
Joel Hanley,D,44,2,4,-13,4,18,525,43,60,0,0,hanlejo01
Mike Hardman,RW,21,0,2,-6,11,12,195,12,60,1,1,hardmmi01
Jansen Harkins,C,77,7,6,-8,15,67,730,18,51,28,16,harkija01
Thomas Harley,D,34,1,3,-4,6,36,465,30,30,0,0,harleth01
Ben Harpur,D,19,0,1,-10,27,13,261,21,36,0,0,harpube01
Scott Harrington,D,7,0,1,-4,6,5,101,9,8,0,0,harrisc01
Jordan Harris,D,10,1,0,3,8,9,163,11,10,0,0,harrijo01
Ryan Hartman,RW,82,34,31,31,95,239,1491,48,72,513,631,hartmry01
Rafael Harvey-Pinard,LW,4,1,0,-2,0,6,52,3,12,0,1,harvera01
Santeri Hatakka,D,9,0,2,-5,2,3,114,7,5,0,0,hataksa01
Garnet Hathaway,RW,76,14,12,19,57,124,1018,62,250,10,18,hathaga01
Erik Haula,LW,78,18,26,19,47,141,1177,36,129,434,372,haulaer01
John Hayden,C,55,2,2,-12,84,65,597,24,104,2,7,haydejo01
Kevin Hayes,RW,48,10,21,-20,26,126,860,12,36,260,347,hayeske01
Zack Hayes,D,3,0,0,-2,0,1,33,1,12,0,0,hayesza01
Barrett Hayton,C,60,10,14,-8,20,82,967,33,84,415,447,haytoba01
Dillon Heatherington,D,9,0,0,-1,7,4,111,2,18,0,0,heathdi01
Victor Hedman,D,82,20,65,26,36,219,2056,129,93,0,0,hedmavi01
Danton Heinen,C,76,18,15,6,16,138,966,33,66,0,4,heineda01
Ville Heinola,D,12,0,5,-2,10,25,179,7,9,0,0,heinovi01
Miro Heiskanen,D,70,5,31,3,24,156,1742,92,52,0,0,heiskmi01
Darren Helm,C,68,7,8,-5,14,93,717,27,114,103,130,helmda01
Adam Henrique,C,58,19,23,-2,14,141,1010,47,22,276,221,henriad01
Aleksi Heponiemi,C,6,0,1,-6,2,7,84,1,0,2,4,heponal01
Tomas Hertl,C,82,30,34,-9,30,205,1635,57,105,769,697,hertlto01
Thomas Hickey,D,2,0,0,-3,0,0,39,3,2,0,0,hicketh01
Matthew Highmore,LW,46,5,7,1,14,61,584,38,41,3,5,highmma01
Cameron Hillis,C,1,0,0,0,0,2,10,0,0,2,2,hillica01
Vinnie Hinostroza,C,62,13,12,-11,24,92,860,13,25,12,16,hinosvi01
Roope Hintz,LW,80,37,35,15,28,213,1443,53,82,357,317,hintzro01
Taro Hirose,LW,15,1,3,-5,4,10,160,2,9,1,1,hirosta01
Nico Hischier,C,70,21,39,-1,17,153,1354,48,50,730,672,hischni01
Hayden Hodgson,RW,6,1,2,-1,11,10,79,2,12,1,1,hodgsha01
Mike Hoffman,C,67,15,20,-24,32,154,1142,29,27,12,8,hoffmmi02
Gregory Hofmann,C,24,2,5,6,8,33,300,10,23,0,8,hofmagr01
Linus Hogberg,D,5,0,2,0,2,3,85,8,0,0,0,hogbeli01
Nils Hoglander,LW,60,10,8,-6,24,132,785,16,41,0,1,hoglani01
Nick Holden,D,76,5,14,0,12,75,1509,112,115,0,1,holdeni01
Justin Holl,D,69,3,20,14,41,64,1394,104,129,0,0,hollju01
Alexander Holtz,RW,9,0,2,-5,2,12,110,2,5,0,0,holtzal01
Patric Hornqvist,RW,65,11,17,-5,19,165,824,23,112,8,13,hornqpa01
Bo Horvat,C,70,31,21,3,40,194,1366,45,96,841,634,horvabo01
Brett Howden,C,47,9,11,9,12,39,501,36,62,140,151,howdebr01
Filip Hronek,D,78,5,33,-29,36,133,1718,81,70,0,0,hronefi01
Jonathan Huberdeau,LW,80,30,85,35,54,222,1554,28,99,18,36,huberjo01
Jack Hughes,C,49,26,30,-16,0,165,959,15,6,122,231,hugheja03
Quinn Hughes,D,76,8,60,10,28,150,1919,56,19,0,0,hughequ01
Brad Hunt,D,50,3,14,-3,12,67,763,48,22,0,0,huntbr01
Dryden Hunt,LW,76,6,11,-10,52,94,934,17,153,5,15,huntdr01
Ben Hutton,D,58,3,10,7,32,78,897,72,49,0,0,huttobe01
Grant Hutton,D,16,1,0,-1,4,22,227,12,15,0,0,huttogr01
Zach Hyman,C,76,27,27,-9,36,213,1479,31,74,41,44,hymanza01
Alex Iafallo,C,79,17,20,4,8,215,1462,53,48,15,17,iafalal01
Bokondji Imama,LW,4,1,0,-2,5,3,18,0,10,0,0,imamabo01
Matt Irwin,D,17,1,3,0,6,29,215,21,36,0,0,irwinma01
Mark Jankowski,C,19,2,3,2,4,14,259,8,5,86,93,jankoma01
Mattias Janmark,C,67,9,16,3,21,89,961,28,19,11,16,janmama02
Calle Jarnkrok,C,66,12,18,-14,6,101,1058,17,38,239,228,jarnkca01
Christian Jaros,D,11,0,0,-4,2,9,121,10,21,0,0,jarosch01
Seth Jarvis,C,68,17,23,11,18,110,944,21,69,11,14,jarvise01
Dmitrij Jaskin,RW,12,0,1,-6,4,23,177,9,47,5,5,jaskidm01
Tanner Jeannot,F,81,24,17,2,130,124,1295,64,318,10,14,jeannta01
Jan Jenik,RW,13,2,1,-6,11,22,139,4,25,8,11,jenikja01
Boone Jenner,C,59,23,21,-11,22,160,1207,56,80,642,556,jennebo01
Nick Jensen,D,76,5,16,32,21,88,1470,92,135,0,0,jenseni02
Lucas Johansen,D,1,0,1,1,0,0,12,0,0,0,0,johanlu01
Ryan Johansen,C,79,26,37,-2,53,118,1309,35,72,691,622,johanry01
Marcus Johansson,C,69,9,20,-26,4,111,1113,26,31,41,57,johanma03
Erik Johnson,D,77,8,17,22,24,139,1330,136,165,0,0,johnser01
Jack Johnson,D,74,1,8,5,42,57,1239,68,91,0,0,johnsja02
Kent Johnson,C,9,0,3,2,2,5,112,1,4,0,0,johnske01
Reese Johnson,F,37,1,5,-13,16,24,393,14,141,107,105,johnsre01
Tyler Johnson,C,26,3,4,-8,12,30,337,7,37,31,20,johnsty01
Andreas Johnsson,LW,71,13,22,4,30,114,1020,22,64,4,10,johnsan01
Ross Johnston,LW,32,2,5,-3,44,9,329,16,90,0,1,johnsro02
Henri Jokiharju,D,60,3,16,-8,20,83,1313,60,73,0,0,jokihhe01
Ben Jones,F,2,0,0,0,2,1,16,1,4,0,0,jonesbe01
Caleb Jones,D,51,5,10,-3,18,57,853,58,77,0,0,jonesca01
Max Jones,LW,2,0,0,-1,15,2,20,0,2,1,1,jonesma03
Seth Jones,D,78,5,46,-37,28,194,2045,155,99,0,0,jonesse01
Zachary Jones,D,12,0,2,-7,0,8,182,13,4,0,0,jonesza01
Axel Jonsson Fjallby,LW,23,2,2,0,4,29,257,8,18,1,3,jonssax01
Mathieu Joseph,RW,69,12,18,12,29,86,980,27,106,20,28,josepma01
Pierre-Olivier Joseph,D,4,0,0,-2,2,7,73,4,6,0,0,joseppi01
Dakota Joshua,C,30,3,5,6,16,31,255,10,77,40,35,joshuda01
Roman Josi,D,80,23,73,13,46,281,2044,133,66,0,0,josiro01
Tyson Jost,C,80,8,12,2,34,97,1026,37,55,172,254,jostty01
Olli Juolevi,D,18,0,0,-1,6,18,230,10,14,0,0,juoleol01
Noah Juulsen,D,8,0,2,-4,0,6,117,11,20,0,0,juulsno01
Nazem Kadri,C,71,28,59,13,71,247,1366,19,52,585,592,kadrina01
Kaapo Kakko,RW,43,7,11,9,10,62,664,15,8,1,6,kakkoka01
Arthur Kaliyev,RW,80,14,13,-3,37,194,1012,12,31,0,0,kaliyar01
Wyatt Kalynuk,D,5,0,0,-3,2,1,60,0,9,0,0,kalynwy01
David Kampf,C,82,11,15,12,20,102,1252,26,80,616,549,kampfda01
Evander Kane,LW,43,22,17,25,60,152,836,11,135,9,11,kaneev01
Patrick Kane,RW,78,26,66,-19,18,287,1702,26,11,4,4,kanepa01
Kasperi Kapanen,RW,79,11,21,2,16,129,1148,19,110,5,7,kapanka01
Kirill Kaprizov,LW,81,47,61,27,34,289,1548,29,73,5,4,kapriki01
Erik Karlsson,D,50,10,25,-14,14,117,1174,45,18,0,0,karlser01
William Karlsson,C,67,12,23,3,10,135,1225,42,42,508,475,karlswi01
Fredrik Karlstrom,C,3,0,1,2,0,1,19,0,0,0,0,karlsfr01
Ondrej Kase,RW,50,14,13,4,14,119,699,32,29,2,9,kaseon01
Zack Kassian,RW,58,6,13,2,63,58,684,6,154,3,4,kassiza01
Mark Kastelic,C,16,2,2,-1,14,11,147,10,51,70,50,kastema01
Boris Katchouk,LW,59,3,4,-7,39,58,585,20,138,7,12,katchbo01
Martin Kaut,RW,6,0,0,2,0,1,53,3,6,0,0,kautma01
Joey Keane,D,1,0,0,0,2,1,14,0,1,0,0,keanejo01
Duncan Keith,D,64,1,20,15,22,79,1263,114,22,0,0,keithdu01
Clayton Keller,C,67,28,35,3,28,177,1349,31,17,29,39,kellecl01
Parker Kelly,F,41,7,5,-4,60,48,434,30,131,0,2,kellypa01
Adrian Kempe,LW,78,35,19,-2,46,247,1450,28,111,25,25,kempead01
Michal Kempny,D,15,1,1,-3,16,10,238,19,22,0,0,kempnmi01
Alexander Kerfoot,C,82,13,38,19,20,117,1248,65,75,76,102,kerfoal01
Tanner Kero,RW,23,0,3,-5,0,14,220,9,12,9,5,kerota01
Phil Kessel,RW,82,8,44,-24,40,175,1368,21,6,4,8,kesseph01
Jujhar Khaira,LW,27,3,0,-4,13,32,367,14,88,53,48,khairju01
Matt Kiersted,D,10,1,1,-8,2,11,140,17,10,0,0,kiersma01
Alex Killorn,C,82,25,34,1,66,164,1533,26,88,2,10,killoal01
Bryce Kindopp,F,1,0,0,0,0,2,6,0,0,0,1,kindobr01
Joel Kiviranta,F,56,1,6,-6,10,59,533,23,97,0,3,kivirjo01
John Klingberg,D,74,6,41,-28,34,139,1643,77,57,0,0,klingjo01
Artemi Kniazev,D,1,0,0,-2,0,2,12,0,1,0,0,kniazar01
Slater Koekkoek,D,19,0,4,2,16,11,212,18,21,0,0,koekksl01
Otto Koivula,LW,8,0,2,-2,0,8,86,4,8,22,30,koivuot01
Keegan Kolesar,RW,77,7,17,-6,68,94,974,46,246,76,112,koleske01
Vladislav Kolyachonok,D,32,1,2,0,6,24,507,36,39,0,0,kolyavl01
Leo Komarov,C,1,0,0,0,2,0,11,0,3,1,0,komarle01
Travis Konecny,C,79,16,36,-23,77,220,1391,34,80,13,18,konectr01
Anze Kopitar,C,81,19,48,-6,14,210,1682,71,72,858,651,kopitan01
Kaedan Korczak,D,1,0,0,1,0,0,17,1,0,0,0,korczka01
Klim Kostin,C,40,4,5,-3,23,31,361,9,90,2,2,kostikl01
Jesperi Kotkaniemi,C,66,12,17,3,37,81,794,15,74,176,168,kotkaje01
Johnathan Kovacevic,D,4,0,0,1,2,7,43,3,0,0,0,kovacjo01
Peyton Krebs,C,57,7,15,-26,22,56,831,8,25,61,112,krebspe01
Chris Kreider,LW,81,52,25,19,24,258,1517,39,141,67,70,kreidch01
Torey Krug,D,64,9,34,23,48,119,1316,70,53,0,0,krugto01
Dominik Kubalik,LW,78,15,17,-16,16,161,1133,28,93,8,12,kubaldo01
Nikita Kucherov,RW,47,25,44,1,22,156,939,7,32,1,0,kucheni01
Karson Kuhlman,C,44,3,7,-2,6,68,524,20,71,0,2,kuhlmka01
Dean Kukan,D,41,3,8,-2,16,41,668,39,43,0,0,kukande01
Brett Kulak,D,74,5,16,-4,45,92,1314,63,103,0,0,kulakbr01
Dmitry Kulikov,D,80,7,17,23,39,74,1456,103,100,0,0,kulikdm01
Luke Kunin,C,82,13,9,-11,99,125,1134,51,223,48,61,kuninlu01
Janne Kuokkanen,C,57,6,11,-10,10,64,769,22,33,2,14,kuokkja01
Rasmus Kupari,C,57,5,8,-5,18,51,673,17,68,129,174,kuparra01
Sean Kuraly,C,77,14,16,2,61,121,1221,51,240,628,642,kuralse01
Philipp Kurashev,C,67,6,15,-16,12,86,861,30,31,51,70,kurasph01
Evgeny Kuznetsov,C,79,24,54,7,44,208,1602,25,42,507,659,kuzneev01
Oliver Kylington,D,73,9,22,34,14,138,1326,79,40,0,0,kylinol01
Jordan Kyrou,C,74,27,48,10,20,188,1227,23,6,6,9,kyroujo01
Kevin Labanc,RW,21,3,3,-4,6,36,279,9,28,0,1,labanke01
Tanner Laczynski,C,1,0,0,-1,0,0,9,1,3,2,3,laczyta01
Andrew Ladd,LW,51,7,5,-20,47,57,720,33,68,7,3,laddan01
Paul Ladue,D,1,0,0,-2,0,1,13,1,2,0,0,laduepa01
Sam Lafferty,C,56,5,8,-16,37,80,760,26,137,108,155,laffesa01
Alexis Lafreniere,LW,79,19,12,2,37,110,1105,26,108,14,34,lafreal01
William Lagesson,D,33,0,5,3,13,33,415,20,40,0,0,lageswi01
Patrik Laine,RW,56,26,30,-7,24,167,1054,13,34,14,24,lainepa01
Maxime Lajoie,D,5,0,0,2,0,6,63,5,3,0,0,lajoima01
Juho Lammikko,RW,75,7,8,-6,14,67,921,46,93,354,340,lammiju01
Gabriel Landeskog,LW,51,30,29,27,78,150,1036,34,94,241,198,landega01
Hendrix Lapierre,C,6,1,0,2,2,7,58,2,1,6,17,lapiehe01
Dylan Larkin,C,71,31,38,-18,47,212,1396,28,76,630,574,larkidy01
Adam Larsson,D,82,8,17,-23,55,119,1827,140,183,0,0,larssad01
Jacob Larsson,D,6,0,1,-3,2,5,92,5,1,0,0,larssja01
Johan Larsson,LW,43,7,14,-4,32,44,684,25,70,195,227,larssjo02
Scott Laughton,C,67,11,19,-9,35,110,1100,47,151,395,379,laughsc01
Jeremy Lauzon,D,66,2,5,-6,81,75,1166,63,224,0,0,lauzoje01
Curtis Lazar,C,70,8,8,-2,16,95,840,51,186,136,142,lazarcu01
Brett Leason,RW,36,3,3,1,4,45,322,14,16,3,5,leasobr01
Nick Leddy,D,75,3,21,-30,22,71,1606,67,37,0,0,leddyni01
Anders Lee,LW,76,28,18,-11,34,159,1264,30,94,65,69,leean01
Artturi Lehkonen,LW,74,19,19,1,22,155,1117,39,82,8,21,lehkoar01
Josh Leivo,LW,7,1,2,1,2,10,65,1,4,0,0,leivojo01
Brendan Lemieux,LW,50,8,5,1,97,65,537,17,122,11,13,lemiebr01
John Leonard,LW,14,1,1,-5,0,25,158,8,13,1,1,leonajo01
Jake Leschyshyn,C,41,2,4,-2,8,35,463,23,45,122,143,leschja01
Kris Letang,D,78,10,58,20,49,214,2011,122,171,0,0,letankr01
Vinni Lettieri,C,31,5,5,-8,6,50,388,17,40,12,11,lettivi01
Tyler Lewington,D,2,0,0,-1,7,2,25,2,1,0,0,lewinty01
Trevor Lewis,C,80,6,10,-1,12,108,1027,40,176,77,105,lewistr01
Timothy Liljegren,D,61,5,18,15,14,79,1000,60,87,0,0,liljeti01
Kole Lind,RW,23,2,6,-1,12,31,272,10,18,6,11,lindko01
Oskar Lindblom,LW,79,12,14,-11,22,127,1090,48,83,8,14,lindbos01
Petteri Lindbohm,D,9,0,1,0,5,9,127,8,25,0,0,lindbpe02
Esa Lindell,D,76,4,21,4,12,136,1675,148,111,0,1,lindees01
Ryan Lindgren,D,78,4,11,18,48,73,1568,141,129,0,0,lindgry01
Elias Lindholm,C,82,42,40,61,22,235,1635,52,66,842,750,lindhel01
Hampus Lindholm,D,71,5,22,10,46,142,1598,92,70,0,0,lindhha01
Gustav Lindstrom,D,63,1,12,-12,22,41,1015,77,59,0,0,lindsgu01
Blake Lizotte,C,70,10,14,15,28,91,851,12,74,313,294,lizotbl01
Jon Lizotte,D,1,0,0,0,2,1,15,4,3,0,0,lizotjo01
William Lockwood,RW,13,0,0,-3,9,13,147,9,49,0,0,lockwwi01
Viktor Lodin,C,1,0,0,0,0,3,10,0,0,0,0,lodinvi01
Ryan Lomberg,LW,55,9,9,4,92,91,627,7,117,1,6,lombery01
Steven Lorentz,C,67,8,5,0,8,80,730,13,67,51,61,lorenst01
Adam Lowry,LW,79,13,8,1,59,115,1223,43,231,564,500,lowryad01
Milan Lucic,LW,82,10,11,-9,84,95,1005,22,209,19,15,lucicmi01
Matt Luff,RW,23,3,3,3,4,26,216,4,29,2,0,luffma01
Anton Lundell,C,65,18,26,33,18,125,1023,56,26,334,414,lundean01
Isac Lundestrom,C,80,16,13,-3,8,83,1239,55,38,391,488,lundeis01
Nils Lundkvist,D,25,1,3,4,0,32,348,15,15,0,0,lundkni01
Eetu Luostarinen,C,78,9,17,1,12,84,1048,46,103,321,481,luostee01
Ilya Lyubushkin,D,77,2,13,-2,51,54,1344,92,187,0,0,lyubuil01
Olli Maatta,D,66,1,7,17,10,61,1207,94,67,0,0,maattol01
Matias Maccelli,LW,23,1,5,-10,4,21,327,8,12,2,0,maccema01
Kurtis MacDermid,D,58,2,3,1,89,46,429,22,105,0,0,macdeku01
Jacob MacDonald,D,8,0,0,-1,2,17,81,3,9,0,0,macdoja02
Mackenzie MacEachern,LW,14,0,2,-1,4,14,112,1,19,0,0,maceama01
Zack MacEwen,C,75,3,6,-15,110,82,725,32,159,16,19,macewza01
Ryan MacInnis,C,1,0,0,0,0,2,10,0,0,0,0,macinry01
Connor Mackey,D,3,0,1,-1,2,4,41,1,4,0,0,mackeco01
Nathan MacKinnon,C,65,32,56,22,42,299,1369,39,68,383,461,mackina01
Josh Mahura,D,38,3,4,-14,12,36,534,51,63,0,0,mahurjo01
Cale Makar,D,77,28,58,48,26,240,1976,110,95,0,0,makarca01
Beck Malenstyn,LW,12,1,0,2,9,10,109,7,34,1,6,malenbe01
Evgeni Malkin,C,41,20,22,-10,24,129,752,18,21,164,212,malkiev01
Brad Malone,C,8,1,1,-2,2,7,66,1,22,13,14,malonbr01
Jeff Malott,F,1,0,0,0,2,0,4,0,3,0,0,malotje01
Mikhail Maltsev,LW,18,0,0,-5,2,23,145,2,31,44,32,maltsmi01
Maxim Mamin,C,40,7,7,8,13,49,476,17,59,0,2,maminma01
Andrew Mangiapane,LW,82,35,20,20,38,185,1290,32,73,21,34,mangian01
Josh Manson,D,67,6,10,-11,65,92,1272,70,179,0,0,mansojo01
Anthony Mantha,RW,37,9,14,4,14,82,561,18,46,3,1,manthan01
Brad Marchand,LW,70,32,48,16,97,242,1347,20,78,14,27,marchbr03
Jonathan Marchessault,C,76,30,36,3,36,251,1335,17,61,43,57,audymjo01
Mason Marchment,F,54,18,29,29,53,121,762,9,114,11,29,marchma01
John Marino,D,81,1,24,1,23,90,1672,88,73,0,0,marinjo01
Mitch Marner,RW,72,35,62,23,16,224,1504,31,75,10,8,marnemi01
Cooper Marody,C,1,0,1,0,0,1,6,0,0,0,0,marodco01
Pat Maroon,LW,81,11,16,20,134,102,1004,11,160,15,15,maroopa01
Matt Martin,LW,71,3,4,-2,70,66,812,26,235,8,11,martima02
Alec Martinez,D,26,3,5,6,4,32,508,68,26,0,0,martial01
Jordan Martinook,LW,59,6,9,1,22,77,661,11,83,23,28,martijo01
Mike Matheson,D,74,11,20,12,33,140,1391,81,97,0,0,mathemi01
Stefan Matteau,LW,1,0,0,0,0,0,4,0,0,0,0,mattest02
Auston Matthews,C,73,60,46,20,18,348,1504,62,67,691,538,matthau01
Scott Mayfield,D,61,3,15,-5,55,80,1206,109,77,0,0,mayfisc01
Gerald Mayhew,F,40,11,1,-6,18,53,527,26,58,3,7,mayhege01
Dysin Mayo,D,67,4,8,-22,27,76,1401,133,129,0,0,mayody01
Charlie McAvoy,D,78,10,46,31,66,166,1922,130,155,0,0,mcavoch01
Jack McBain,C,10,2,1,-6,6,13,142,9,33,35,68,mcbaija03
Jake McCabe,D,75,4,18,-27,33,80,1523,167,166,0,0,mccabja01
Jared McCann,C,74,27,23,-26,33,199,1194,29,65,224,268,mccanja01
Michael McCarron,RW,51,7,7,10,70,51,530,31,116,192,161,mccarmi01
Ben McCartney,F,2,0,0,0,4,2,28,0,7,0,1,mccarbe02
Max McCormick,LW,10,0,0,1,10,8,81,3,11,2,2,mccorma01
Connor McDavid,C,80,44,79,28,45,314,1765,26,75,562,484,mcdavco01
Ryan McDonagh,D,71,4,22,15,16,85,1594,137,96,0,1,mcdonry01
Brock McGinn,LW,64,12,10,0,14,99,960,50,94,16,28,mcginbr01
Greg McKegg,C,43,2,3,-11,6,25,467,22,50,72,88,mckeggr01
Marc McLaughlin,F,11,3,0,-1,8,12,115,2,15,5,10,mclauma01
Michael McLeod,C,77,6,14,-13,52,78,1026,34,145,604,451,mcleomi01
Ryan McLeod,C,71,9,12,-2,12,82,906,25,28,248,277,mcleory01
Connor McMichael,C,68,9,9,-3,10,105,712,22,46,148,197,mcmicco01
Brayden McNabb,D,69,3,15,10,42,85,1359,179,154,0,0,mcnabbr01
Mason Mctavish,C,9,2,1,3,2,12,118,6,8,0,3,mctavma01
Jaycob Megna,D,44,2,6,-1,16,40,841,92,71,0,0,megnaja02
Jayson Megna,C,20,0,3,-2,4,19,206,9,27,56,60,megnaja01
Timo Meier,RW,77,35,41,-3,54,326,1475,61,162,18,19,meierti01
Nicolas Meloche,D,50,2,5,-17,39,36,844,54,158,0,0,melocni01
Dawson Mercer,C,82,17,25,-25,28,154,1356,35,26,209,381,merceda01
Nicholas Merkley,RW,9,1,2,-2,0,7,112,2,9,6,5,merklni01
Ryan Merkley,D,39,1,5,-10,8,36,600,22,12,0,0,merklry01
Dakota Mermis,D,2,0,0,2,0,1,28,1,3,0,0,mermida01
Jonathon Merrill,D,69,4,16,15,22,59,1181,112,46,0,0,merrijo01
Victor Mete,D,37,0,7,-19,4,27,541,38,13,0,0,metevi01
Carson Meyer,RW,13,1,2,0,6,13,107,2,27,0,0,meyerca01
Ben Meyers,F,5,1,0,-2,0,8,50,1,1,11,13,meyerbe01
Jacob Middleton,D,66,4,10,10,82,73,1233,124,118,0,0,middlja01
Ilya Mikheyev,F,53,21,11,16,26,147,809,18,52,0,2,mikheil01
Niko Mikkola,D,54,3,10,-6,55,58,917,81,109,0,0,mikkoni01
Sonny Milano,LW,66,14,20,-9,10,94,1008,15,27,0,2,milanso01
Colin Miller,D,38,2,12,-2,21,48,721,42,50,0,0,milleco02
J.T. Miller,C,80,32,67,15,47,206,1686,56,172,667,566,millejt01
K'Andre Miller,D,82,7,13,23,24,102,1690,95,151,0,0,milleka01
Daniil Miromanov,D,11,0,1,0,2,15,108,6,5,0,0,miromda01
Ian Mitchell,D,8,0,1,-3,0,2,95,9,2,0,0,mitchia01
Casey Mittelstadt,C,40,6,13,-14,4,79,645,12,19,202,250,mitteca01
Sean Monahan,C,65,8,15,-15,24,111,914,24,59,414,365,monahse01
Brandon Montour,D,81,11,26,15,48,153,1450,65,64,0,0,montobr01
John Moore,D,7,0,1,2,4,7,123,11,9,0,0,moorejo01
Trevor Moore,LW,81,17,31,20,20,202,1271,32,69,28,39,mooretr01
Josh Morrissey,D,79,12,25,-3,66,173,1869,104,150,0,0,morrijo04
J.J. Moser,D,43,4,11,-10,16,40,804,55,32,0,0,moserja01
Tyler Motte,C,58,7,8,2,22,101,813,58,117,11,8,mottety01
Jacob Moverare,D,19,0,2,3,2,15,310,21,16,0,0,moverja01
Connor Murphy,D,57,4,6,-14,47,71,1240,150,130,0,0,murphco02
Brett Murray,LW,19,2,4,-3,23,14,247,2,17,0,0,murrabr02
Ryan Murray,D,37,0,4,-3,2,26,521,41,32,0,0,murrary01
Jake Muzzin,D,47,3,11,-6,16,75,974,60,105,0,0,muzzija01
Philippe Myers,D,27,1,3,5,12,28,402,17,50,0,0,myersph01
Tyler Myers,D,82,1,17,15,66,128,1802,148,145,0,0,myersty01
Vladislav Namestnikov,C,75,16,14,2,45,91,1099,39,62,26,31,namesvl01
Riley Nash,C,49,0,4,-5,10,36,560,17,46,207,190,nashri02
James Neal,LW,19,2,2,-1,0,31,227,3,17,0,2,nealja01
Martin Necas,C,78,14,26,5,32,159,1263,19,55,38,47,necasma01
Jake Neighbours,LW,9,1,1,-2,2,8,84,1,10,1,2,neighja01
Brock Nelson,C,72,37,22,-5,33,171,1273,43,31,476,488,nelsobr01
Patrik Nemeth,D,63,2,5,-9,28,52,1048,102,115,0,0,nemetpa01
Alex Newhook,C,71,13,20,11,12,113,963,36,40,136,256,newhoal01
Valeri Nichushkin,RW,62,25,27,21,14,180,1180,27,89,0,5,nichuva01
Nino Niederreiter,RW,75,24,20,29,34,144,1113,17,119,19,20,niedeni01
Markus Niemelainen,D,20,0,1,-5,4,12,264,19,82,0,0,niemema01
Matthew Nieto,LW,70,6,11,-20,19,82,1008,47,96,2,11,nietoma01
Sami Niku,D,13,0,6,3,2,14,199,17,6,0,0,nikusa01
Stefan Noesen,RW,2,0,0,1,0,4,29,0,5,0,0,noesest01
Mattias Norlinder,D,6,0,1,2,2,2,74,3,4,0,0,norlima01
Joshua Norris,C,66,35,20,-7,16,172,1226,44,79,529,507,norrijo01
Tomas Nosek,C,75,3,14,-9,32,84,1001,34,85,362,310,nosekto01
Thomas Novak,C,27,1,6,-4,2,25,318,6,4,62,79,novakth01
Ryan Nugent-Hopkins,C,63,11,39,3,16,154,1217,34,42,178,259,nugenry01
Darnell Nurse,D,71,9,26,18,54,203,1778,132,196,0,0,nurseda01
Markus Nutivaara,D,1,0,1,0,0,0,7,0,1,0,0,nutivma01
William Nylander,C,81,34,46,-9,16,256,1480,30,19,34,31,nylanwi01
Gustav Nyquist,RW,82,18,35,-12,26,122,1463,51,41,14,16,nyquigu01
Liam O'Brien,C,39,2,1,1,106,36,370,10,139,5,5,obrieli01
Drew O'Connor,F,22,3,2,-1,4,40,226,7,12,18,34,oconndr01
Logan O'Connor,RW,81,8,16,10,38,127,1124,59,100,5,17,oconnlo01
Danny O'Regan,C,5,0,1,-1,0,2,50,4,3,11,17,oregada01
Ryan O'Reilly,C,78,21,37,11,12,168,1488,38,20,900,685,oreilry01
Jordan Oesterle,D,45,2,6,-7,4,63,823,44,27,0,0,oestejo01
Nikita Okhotyuk,D,5,1,1,-2,2,5,75,1,16,0,0,okhotni01
Kyle Okposo,RW,74,21,24,-15,43,174,1241,19,59,92,93,okposky01
Jamie Oleksiak,D,72,1,16,-1,54,95,1392,86,182,0,0,oleksja01
Mathieu Olivier,F,10,0,1,-3,14,5,101,4,23,0,1,olivima01
Victor Olofsson,RW,72,20,29,-16,6,164,1108,15,10,0,1,olofsvi01
Dmitry Orlov,D,76,12,23,25,44,127,1593,94,124,0,0,orlovdm01
T.J. Oshie,C,44,11,14,-12,18,77,768,30,86,72,97,oshietj01
Alex Ovechkin,LW,77,50,40,8,18,334,1584,25,156,4,9,ovechal01
Brayden Pachal,D,2,0,0,-2,0,1,20,1,2,0,0,pachabr01
Max Pacioretty,LW,39,19,18,8,33,148,678,21,30,2,7,pacioma01
Jean-Gabriel Pageau,C,77,18,21,0,30,126,1361,53,171,748,604,pageaje01
Ondrej Palat,LW,77,18,31,15,20,143,1270,42,124,2,16,palaton01
Kyle Palmieri,RW,69,15,18,0,57,156,1078,18,77,15,36,palmiky01
Artemi Panarin,LW,75,22,74,21,18,177,1441,14,22,1,1,panarar01
Richard Panik,RW,4,0,1,-2,0,4,60,2,9,1,1,panikri01
Cedric Paquette,C,24,0,2,-6,25,16,213,14,58,31,73,paquece01
Colton Parayko,D,80,6,29,16,18,135,1885,169,72,0,0,parayco01
Zach Parise,LW,82,15,20,-2,28,138,1253,57,60,28,47,parisza01
David Pastrnak,RW,72,40,37,13,20,312,1340,14,63,7,14,pastrda01
Greg Pateryn,D,10,1,1,0,10,16,141,7,18,0,0,patergr01
Nolan Patrick,C,25,2,5,1,6,34,288,3,26,83,89,patrino01
Nick Paul,LW,80,16,16,-14,39,166,1321,56,106,426,419,paulni01
Joe Pavelski,C,82,27,54,11,14,216,1515,69,104,394,357,paveljo01
Chase Pearson,C,3,0,0,0,0,2,20,0,4,2,2,pearsch01
Tanner Pearson,LW,68,14,20,9,30,159,1092,41,84,20,37,pearsta01
Matthew Peca,C,5,0,1,-1,0,3,48,1,3,5,7,pecama01
Lane Pederson,F,29,0,2,-16,10,24,305,10,54,42,54,pederla01
Andrew Peeke,D,82,2,13,-14,60,72,1761,169,191,0,0,peekean01
Adam Pelech,D,78,3,25,20,42,104,1660,128,99,0,0,pelecad01
Cole Perfetti,C,18,2,5,1,0,21,255,2,17,0,3,perfeco01
Brendan Perlini,LW,23,4,1,-2,6,24,193,3,29,0,1,perlibr01
Jacob Perreault,RW,1,0,0,-1,0,0,11,1,0,0,0,perreja01
Mathieu Perreault,C,25,4,5,2,4,27,281,11,35,36,35,perrema01
David Perron,LW,67,27,30,8,48,177,1138,11,80,1,3,perroda01
Corey Perry,RW,82,19,21,9,66,153,1109,28,73,2,2,perryco01
Scott Perunovich,D,19,0,6,2,8,14,294,12,5,0,0,perunsc01
Brett Pesce,D,70,7,21,5,39,148,1519,99,39,0,0,pescebr01
Nic Petan,C,18,0,2,-2,4,21,185,3,6,14,32,petanni01
John-Jason Peterka,RW,2,0,0,0,0,3,32,2,1,0,0,peterjo01
Jacob Peterson,C,65,12,5,-1,12,85,719,23,22,59,56,peterja01
Jeff Petry,D,68,6,21,-11,36,124,1504,117,140,0,0,petryje01
Elias Pettersson,C,80,32,36,1,12,192,1488,43,49,238,302,petteel01
Marcus Pettersson,D,72,2,17,8,38,83,1127,74,122,0,0,pettema01
Michael Pezzetta,C,51,5,6,-7,81,49,400,8,156,6,5,pezzemi01
Isaak Phillips,D,4,0,0,-1,4,4,49,1,3,0,0,phillis01
Alex Pietrangelo,D,80,13,31,7,42,227,1972,164,66,0,0,pietral01
Garrett Pilon,C,2,1,0,1,0,1,19,0,2,8,10,pilonga01
Shane Pinto,C,5,0,1,0,2,5,65,1,0,17,35,pintosh01
Neal Pionk,D,77,3,31,5,46,140,1628,91,185,0,0,pionkne01
Rem Pitlick,C,66,15,22,-8,24,65,989,28,25,53,65,pitlire01
Tyler Pitlick,C,39,1,4,-11,6,36,427,26,70,4,6,pitlity01
Vasily Podkolzin,RW,79,14,12,7,26,115,1011,33,84,8,11,podkova01
Ryan Poehling,C,57,9,8,-21,6,91,695,28,40,227,262,poehlry01
Austin Poganski,RW,16,0,0,-3,7,9,149,5,23,0,0,poganau01
Brayden Point,C,66,28,30,-5,33,176,1284,27,75,366,351,pointbr01
Tucker Poolman,D,40,1,2,2,12,47,680,73,33,0,0,poolmtu01
Andrew Poturalski,C,2,0,2,-1,0,4,20,1,0,3,4,poturan01
Derrick Pouliot,D,11,0,4,6,4,8,171,14,10,0,0,poulide01
Owen Power,D,8,2,1,3,2,10,177,9,1,0,0,powerow01
Chase Priskie,D,4,0,0,2,2,4,56,3,3,0,0,priskch01
Aliaksei Protas,C,33,3,6,4,0,34,391,12,20,56,69,protaal01
Ivan Provorov,D,79,9,22,-20,34,170,1966,172,74,0,0,provoiv01
Ethan Prow,D,4,1,0,-1,0,2,51,3,2,0,0,prowet01
Jesse Puljujarvi,RW,65,14,22,22,20,160,1055,15,81,0,0,puljuje01
Ryan Pulock,D,56,5,16,0,2,122,1184,130,86,0,0,pulocry01
Valtteri Puustinen,RW,1,0,1,2,0,1,10,0,1,0,0,puustva01
Mark Pysyk,D,68,3,9,-4,16,64,1212,85,41,0,0,pysykma01
Jack Quinn,RW,2,1,1,0,0,6,30,1,0,0,0,quinnja01
Darren Raddysh,D,4,0,0,1,0,2,43,6,4,0,0,raddyda01
Taylor Raddysh,RW,74,11,11,1,10,104,913,21,103,6,10,raddyta01
Alexander Radulov,RW,71,4,18,-20,30,92,1001,48,43,10,12,radulal01
Michael Raffl,LW,76,7,9,-19,16,94,1105,34,141,14,12,rafflmi01
Rickard Rakell,RW,70,20,21,0,12,184,1259,44,99,36,43,rakelri01
Sampo Ranta,LW,10,0,0,-4,2,9,109,6,9,2,2,rantasa01
Mikko Rantanen,RW,75,36,56,35,56,254,1574,43,58,164,190,rantami01
Victor Rask,C,47,9,12,4,2,58,573,5,15,89,87,raskvi01
Adam Raska,RW,5,0,0,1,7,2,40,0,15,0,0,raskaad01
Michael Rasmussen,C,80,15,12,-25,66,128,1161,65,142,410,409,rasmumi01
Isaac Ratcliffe,LW,10,1,3,-1,10,14,107,8,16,0,1,ratclis01
Jack Rathbone,D,9,0,0,-5,2,10,124,8,5,0,0,rathbja01
Kyle Rau,C,5,0,0,-3,0,3,44,0,6,1,1,rauky01
Lucas Raymond,LW,82,23,34,-32,16,184,1489,24,62,12,19,raymolu01
Ryan Reaves,RW,69,5,8,-13,43,44,735,16,279,5,5,reavery01
Scott Reedy,C,35,7,2,-8,10,33,392,26,14,53,79,reedysc01
Alec Regula,D,15,1,0,-1,12,18,268,21,21,0,0,regulal01
Kristian Reichel,F,13,1,1,-2,7,18,135,10,14,1,0,reichkr01
Lukas Reichel,LW,11,0,1,-8,0,15,145,3,0,16,30,reichlu01
Mike Reilly,D,70,4,13,-1,32,135,1327,54,94,0,0,reillmi01
Cole Reinhardt,LW,1,0,0,0,2,1,9,0,2,0,0,reinhco01
Sam Reinhart,C,78,33,49,25,13,186,1385,30,49,174,185,reinhsa01
Sheldon Rempal,RW,1,0,0,-1,0,2,9,0,0,0,0,rempash01
Dan Renouf,D,4,0,0,-2,7,3,56,2,4,0,0,renouda01
Brad Richardson,C,44,4,4,-1,35,31,453,20,59,139,100,richabr02
Morgan Rielly,D,82,10,58,16,40,221,1947,87,92,0,0,riellmo01
Juuso Riikola,D,5,0,1,2,2,7,67,2,13,0,0,riikoju01
Rasmus Ristolainen,D,66,2,14,-9,38,97,1415,125,230,0,0,ristora01
Brett Ritchie,RW,41,3,1,-6,29,55,399,5,78,1,3,ritchbr01
Nick Ritchie,LW,57,12,11,-13,43,93,724,22,153,0,4,ritchni01
Jason Robertson,LW,74,41,38,16,22,220,1340,24,50,0,0,roberja01
Nicholas Robertson,LW,10,1,0,-4,4,14,103,2,10,0,0,roberni01
Buddy Robinson,RW,32,1,5,2,19,38,296,12,56,0,6,robinbu01
Eric Robinson,LW,67,10,17,-1,18,104,931,20,95,2,2,robiner01
Evan Rodrigues,C,82,19,24,3,14,243,1299,30,89,183,203,rodriev01
Alexander Romanov,D,79,3,10,-9,53,107,1611,144,227,0,0,romanal01
Kevin Rooney,C,61,6,6,-1,18,71,845,47,84,181,223,rooneke01
Calle Rosen,D,18,2,5,-2,4,18,258,16,6,0,0,rosenca01
Jack Roslovic,C,81,22,23,2,12,131,1157,25,60,372,483,rosloja01
Marco Rossi,C,2,0,0,-1,4,5,31,1,1,7,15,rossima01
Antoine Roussel,LW,53,4,4,-16,59,59,644,34,74,17,22,roussan01
Carter Rowney,RW,26,4,2,-4,0,15,277,20,36,74,91,rowneca01
Matt Roy,D,67,2,19,23,28,153,1406,103,124,0,0,royma04
Nicolas Roy,C,78,15,24,12,51,145,1268,34,85,454,477,royni01
Kristians Rubins,D,3,0,0,-2,4,5,35,2,12,0,0,rubinkr01
Chad Ruhwedel,D,78,4,9,2,14,82,1196,86,149,0,0,ruhwech01
Arttu Ruotsalainen,F,18,2,2,-1,6,23,214,6,14,51,69,ruotsar01
Kris Russell,D,31,2,7,7,4,34,479,68,33,0,0,russekr01
Bryan Rust,RW,60,24,34,7,14,180,1126,24,43,1,5,rustbr01
Jan Rutta,D,76,3,15,25,47,86,1245,71,93,0,0,ruttaja02
Adam Ruzicka,C,28,5,5,8,8,33,286,8,24,103,120,ruzicad01
Derek Ryan,C,75,10,12,-4,8,72,857,38,38,286,226,ryande01
Jonas Rondbjerg,RW,30,2,4,0,4,30,300,11,13,0,2,rondbjo01
Brandon Saad,LW,78,24,25,11,10,158,1269,20,20,8,11,saadbr01
Scott Sabourin,F,7,0,2,-2,11,4,53,4,14,1,0,sabousc01
Robin Salo,D,21,1,4,-6,4,24,351,23,7,0,0,saloro01
Dylan Samberg,D,15,0,5,3,4,14,223,19,21,0,0,sambedy01
Dmitri Samorukov,D,1,0,0,-2,0,0,2,0,0,0,0,samordm01
Mattias Samuelsson,D,42,0,10,-10,16,44,840,60,100,0,0,samuema02
Linus Sandin,F,1,0,0,0,0,1,7,2,0,0,0,sandili01
Rasmus Sandin,D,51,5,11,9,4,46,865,39,88,0,0,sandira01
Zach Sanford,LW,80,9,12,-15,50,104,1144,67,169,5,17,sanfoza01
Travis Sanheim,D,80,7,24,9,34,123,1838,142,64,0,0,sanhetr01
David Savard,D,62,3,14,-22,36,66,1289,127,134,0,0,savarda01
Marco Scandella,D,70,3,11,17,18,76,1270,70,106,0,0,scandma01
Colton Sceviour,C,35,2,3,-6,26,38,332,20,41,29,33,scevico01
Mark Scheifele,C,67,29,41,-17,23,159,1416,47,36,430,418,scheima01
Brayden Schenn,C,62,24,34,21,33,111,1103,17,119,284,295,schenbr01
Luke Schenn,D,66,5,12,15,61,78,1136,96,273,0,0,schenlu01
Nick Schmaltz,C,63,23,36,1,14,123,1150,28,15,114,125,schmani01
Nate Schmidt,D,77,4,28,-4,10,117,1556,104,37,0,0,schmina01
Braden Schneider,D,43,2,9,5,9,25,665,52,60,0,0,schnebr01
Corey Schueneman,D,24,2,4,-5,8,30,398,40,15,0,0,schueco01
Justin Schultz,D,74,4,19,-15,16,92,1252,87,40,0,0,schulju01
Jaden Schwartz,C,37,8,15,-13,14,101,683,13,42,17,18,schwaja01
Cole Schwindt,RW,3,0,0,-4,0,3,42,2,5,15,16,schwico01
Nick Seeler,D,43,1,2,-3,29,32,562,67,75,0,0,seeleni01
Tyler Seguin,C,81,24,25,-21,30,218,1443,33,96,464,364,seguity01
Moritz Seider,D,82,7,43,-9,34,187,1889,161,151,0,0,seidemo01
Andrej Sekera,D,32,1,3,-3,16,26,439,25,15,0,0,sekeran01
Kirill Semyonov,C,3,0,0,-2,0,1,30,0,4,1,1,semyoki01
Brett Seney,LW,2,0,0,0,0,1,14,2,3,0,5,seneybr01
Zachary Senyshyn,RW,2,0,0,-1,2,0,13,0,4,0,0,senysza01
Mikhail Sergachev,D,78,7,31,6,59,149,1753,123,139,0,0,sergami01
Damon Severson,D,80,11,35,-14,57,158,1888,92,91,0,0,severda01
Michael Sgarbossa,C,10,2,2,3,0,11,99,2,7,41,31,sgarbmi01
Yegor Sharangovich,C,76,24,22,-14,23,168,1255,26,30,89,131,sharaye01
Kevin Shattenkirk,D,82,8,27,-9,36,163,1756,135,73,0,1,shattke01
Logan Shaw,RW,17,1,2,-3,2,17,159,5,11,58,57,shawlo01
Mason Shaw,C,3,0,0,-2,5,7,27,1,6,1,2,shawma01
Riley Sheahan,C,69,4,13,6,2,69,831,28,16,263,296,sheahri01
Conor Sheary,LW,71,19,24,-2,14,129,1085,44,45,11,16,shearco01
Kiefer Sherwood,RW,11,1,1,3,0,9,94,4,12,1,0,sherwki01
Kole Sherwood,RW,1,0,0,0,0,2,8,0,3,0,0,sherwko01
Devin Shore,C,49,5,6,-4,10,36,469,21,67,102,112,shorede01
Jonas Siegenthaler,D,70,1,13,-5,42,92,1439,106,98,0,0,siegejo01
Dylan Sikura,C,5,0,1,0,0,3,50,3,0,0,0,sikurdy01
Jakob Silfverberg,LW,53,5,16,-3,30,120,903,40,16,8,16,silfvja01
Cole Sillinger,C,79,16,15,-22,37,148,1082,43,98,362,417,sillico01
Radim Simek,D,36,1,1,-13,8,25,478,39,96,0,0,simekra01
Wayne Simmonds,RW,72,5,11,-7,96,79,672,11,148,3,3,simmowa01
Dominik Simon,C,72,3,10,0,34,88,741,38,72,9,12,simondo01
Colton Sissons,C,79,7,21,2,30,87,1277,44,188,719,573,sissoco01
Jeff Skinner,LW,80,33,30,-14,42,262,1368,20,29,91,133,skinnje01
Brady Skjei,D,82,9,30,22,48,184,1734,73,95,0,0,skjeibr01
Jaccob Slavin,D,79,4,38,35,10,165,1859,121,50,0,0,slavija01
Josiah Slavin,LW,15,0,1,0,4,13,180,4,12,29,38,slavijo01
Brendan Smith,D,45,4,4,6,36,63,626,40,73,0,0,smithbr05
C.J. Smith,LW,1,0,0,-1,0,0,9,0,1,0,0,smithcj01
Cole Smith,F,8,0,0,-3,0,3,71,1,21,0,1,smithco02
Craig Smith,C,74,16,20,2,28,187,1067,28,95,4,8,smithcr01
Gemel Smith,C,3,0,1,-2,5,1,20,1,0,6,4,smithge02
Givani Smith,RW,46,4,3,-6,108,50,390,20,86,1,1,smithgi01
Nathan Smith,C,10,2,2,-1,2,14,142,6,26,38,58,smithna03
Reilly Smith,RW,56,16,22,4,8,150,996,23,55,4,4,smithre01
Ty Smith,D,66,5,15,-26,22,77,1155,73,45,0,0,smithty01
Joe Snively,F,12,4,3,3,2,21,139,3,2,0,1,snivejo01
Victor Soderstrom,D,16,0,0,-7,6,14,261,23,14,0,0,sodervi01
Egor Sokolov,F,8,0,0,-6,4,8,83,4,13,0,0,sokoleg01
Carson Soucy,D,64,10,11,7,47,97,1130,73,118,0,0,soucyca01
Blake Speers,C,2,0,0,-3,2,1,18,2,3,6,5,speerbl01
Jordan Spence,D,24,2,6,0,2,41,474,29,32,0,0,spencjo01
Jason Spezza,C,71,12,13,-3,26,97,763,24,31,305,272,spezzja01
Daniel Sprong,RW,63,14,6,0,8,153,818,12,43,0,4,spronda01
Jared Spurgeon,D,65,10,30,32,10,116,1375,83,44,0,0,spurgja01
Jordan Staal,C,78,17,19,11,18,146,1297,29,212,736,549,staaljo01
Marc Staal,D,71,3,13,-1,28,76,1237,75,94,0,0,staalma01
Steven Stamkos,C,81,42,64,24,36,241,1497,31,93,545,523,stamkst01
Logan Stanley,D,58,1,12,1,44,80,907,100,131,0,0,stanllo01
Paul Stastny,C,71,21,24,14,14,141,1263,27,27,267,205,stastpa01
Troy Stecher,D,29,1,2,-7,13,50,483,38,33,0,0,stechtr01
Sam Steel,C,68,6,14,-17,16,66,837,27,37,203,209,steelsa01
Oskar Steen,C,20,2,4,-1,6,25,221,8,32,1,5,steenos01
Alex Steeves,F,3,0,1,-1,0,2,24,1,1,0,0,steeval02
Kevin Stenlund,C,3,0,0,0,2,3,23,2,2,1,0,stenlke01
Derek Stepan,C,58,9,10,0,14,96,626,25,29,248,196,stepade01
Mitchell Stephens,C,27,0,6,-8,8,17,302,9,21,124,129,stephmi01
Chandler Stephenson,C,79,21,43,5,26,125,1526,44,68,653,602,stephch02
Riley Stillman,D,52,2,10,-8,36,49,783,67,122,0,0,stillri01
Mark Stone,RW,37,9,21,7,8,71,679,24,19,13,16,stonema01
Michael Stone,D,11,2,4,3,4,24,192,17,26,0,0,stonemi01
Anton Stralman,D,74,8,15,-16,12,95,1579,100,99,0,0,stralan01
Austin Strand,D,8,0,2,-1,0,9,122,5,7,0,0,stranau01
Dylan Strome,C,69,22,26,-6,28,126,1203,33,11,460,419,stromdy01
Ryan Strome,C,74,21,33,15,69,161,1356,19,41,363,455,stromry01
Marian Studenic,RW,33,2,2,-7,6,42,368,15,25,1,3,studema01
Jack Studnicka,C,15,0,3,-5,4,21,189,5,17,58,61,studnja01
Nico Sturm,C,74,9,11,-7,14,101,881,29,99,312,277,sturmni01
Tim Stutzle,LW,79,22,36,-27,37,176,1455,52,125,180,293,stuetti02
P.K. Subban,D,77,5,17,-8,82,114,1409,90,69,0,0,subbapk01
C.J. Suess,LW,3,0,0,0,2,0,17,5,2,2,2,frankcl01
Oskar Sundqvist,C,59,8,15,5,29,70,826,29,70,75,107,sundqos01
Andrej Sustr,D,38,1,5,-4,16,28,559,36,27,0,0,sustran01
Pius Suter,F,82,15,21,-11,22,166,1388,37,24,495,509,suterpi01
Ryan Suter,D,82,7,25,1,40,118,1940,88,46,0,0,suterry01
Nick Suzuki,C,82,21,40,-29,30,186,1682,62,89,699,711,suzukni01
Andrei Svechnikov,RW,78,30,39,19,79,249,1346,15,189,0,6,svechan01
Evgeny Svechnikov,LW,72,7,12,-4,38,78,774,22,104,3,4,svechev01
Brandon Tanev,LW,30,9,6,4,13,51,437,22,98,1,1,tanevbr01
Chris Tanev,D,82,6,22,35,22,88,1678,158,52,0,0,tanevch01
Vladimir Tarasenko,RW,75,34,48,7,32,230,1268,45,83,4,7,tarasvl01
Tomas Tatar,LW,76,15,15,-22,22,132,1127,28,75,19,31,tatarto01
John Tavares,C,79,27,49,-8,32,237,1428,44,90,813,529,tavarjo01
Matt Tennyson,D,8,0,3,0,4,5,103,4,12,0,0,tennyma01
Teuvo Teravainen,F,77,22,43,22,24,202,1363,30,15,24,20,teravte01
Troy Terry,C,75,37,30,-11,26,192,1368,27,6,1,8,terrytr01
Alexandre Texier,C,36,11,9,0,12,59,526,12,13,20,37,texieal01
Shea Theodore,D,78,14,38,6,24,205,1804,97,37,0,0,theodsh01
Robert Thomas,C,72,20,57,17,16,115,1352,25,13,562,565,thomaro01
Nate Thompson,C,33,1,2,-15,31,23,395,20,49,160,127,thompna01
Tage Thompson,C,78,38,30,-17,37,253,1395,25,66,393,582,thompta01
Tyce Thompson,RW,2,0,0,0,0,3,29,0,2,1,0,thompty01
Lassi Thomson,D,16,0,5,-8,2,18,276,9,23,0,0,thomsla01
Joe Thornton,C,34,5,5,-10,10,26,378,10,20,77,98,thornjo01
Chris Tierney,C,70,6,12,-12,14,72,869,30,42,264,267,tiernch01
Conor Timmins,D,6,0,0,-6,0,5,106,9,7,0,0,timmico01
Jarred Tinordi,D,7,1,0,-5,7,5,90,8,17,0,0,tinorja01
Owen Tippett,RW,63,10,11,-2,12,126,846,16,98,21,34,tippeow01
Vladimir Tkachev,F,4,0,2,-2,2,1,56,0,1,1,1,tkachvl02
Brady Tkachuk,LW,79,30,37,-7,117,288,1485,25,270,218,217,tkachbr01
Matthew Tkachuk,RW,82,42,62,57,68,253,1468,20,93,20,23,tkachma01
Devon Toews,D,66,13,44,52,20,158,1674,85,54,0,0,toewsde01
Jonathan Toews,C,71,12,25,-14,39,125,1241,22,25,788,548,toewsjo01
Tyler Toffoli,C,74,20,29,-5,14,195,1206,24,81,18,16,toffoty01
Eeli Tolvanen,RW,75,11,12,-7,16,151,1007,45,176,0,1,tolvaee01
Philip Tomasino,C,76,11,21,2,10,111,877,28,49,21,33,tomasph01
Dominic Toninato,C,77,7,7,1,22,44,647,32,92,87,118,tonindo01
Alexey Toropchenko,RW,28,2,0,-9,15,43,300,21,69,1,2,toropal01
Brayden Tracey,LW,1,0,0,-1,0,1,9,0,0,0,0,tracebr01
Yakov Trenin,C,80,17,7,7,46,136,1173,33,191,12,23,treniya01
Vincent Trocheck,C,81,21,30,21,78,168,1448,46,185,680,565,trochvi01
Jacob Trouba,D,81,11,28,25,88,204,1817,177,207,0,0,troubja01
Alexander True,F,8,0,0,-2,2,6,66,2,22,12,15,trueal01
Alex Tuch,RW,50,12,26,-3,14,139,920,49,32,9,14,tuchal01
Riley Tufte,LW,10,1,0,0,4,5,72,4,9,1,1,tufteri01
Alex Turcotte,C,8,0,0,0,2,13,90,2,8,12,17,turcoal02
Kyle Turris,C,23,1,3,-5,4,21,198,6,13,28,22,turriky01
T.J. Tynan,C,2,0,0,0,0,3,22,2,1,6,7,tynant.01
Urho Vaakanainen,D,29,0,6,-5,10,27,560,28,27,0,0,vaakaur01
Juuso Valimaki,D,9,0,2,0,10,11,141,9,8,0,0,valimju01
James van Riemsdyk,LW,82,24,14,-33,25,186,1321,25,34,10,14,vanrija01
Trevor van Riemsdyk,D,72,1,16,-3,40,75,1258,129,25,0,0,vanritr01
Frank Vatrano,LW,71,18,14,4,22,161,934,26,68,12,13,vatrafr01
Mike Vecchione,RW,1,0,0,-1,0,3,5,0,0,0,0,vecchmi01
Lukas Vejdemo,C,6,1,0,-3,0,10,64,4,7,13,18,vejdelu01
Joe Veleno,C,66,8,7,-14,22,73,872,25,123,222,238,velenjo01
Carter Verhaeghe,C,78,24,31,24,48,167,1252,16,50,19,10,verhaca01
Kristian Vesalainen,W,53,2,1,-8,6,43,460,14,72,0,1,vesalkr01
Jimmy Vesey,LW,68,8,7,-24,12,110,981,29,85,18,43,veseyji02
Jeffrey Viel,F,34,3,2,-2,114,30,299,11,84,4,8,vielje01
Gabriel Vilardi,C,25,5,2,-5,8,41,338,9,6,60,71,vilarga01
Alex Vlasic,D,15,1,1,-2,2,12,215,16,15,0,0,vlasial01
Marc-Edouard Vlasic,D,75,3,11,-22,18,63,1141,90,54,0,0,vlasima01
Jakub Voracek,RW,79,6,56,-13,44,147,1379,28,27,5,28,voracja01
Jakub Vrana,LW,26,13,6,-8,16,65,388,9,14,1,2,vranaja01
Chris Wagner,C,1,0,0,-1,0,2,16,0,11,0,1,wagnech01
Oliver Wahlstrom,RW,73,13,11,-6,74,157,880,19,101,6,8,wahlsol01
Nathan Walker,C,30,8,4,1,2,38,346,22,58,8,15,walkena01
Sean Walker,D,6,0,2,-1,4,18,110,9,9,0,0,walkese01
Jake Walman,D,51,3,7,-3,10,87,715,58,47,0,0,walmaja01
Reilly Walsh,D,1,0,1,0,0,2,14,2,0,0,0,walshre01
Austin Watson,LW,67,10,6,-3,91,88,803,63,213,7,13,watsoau01
Jasper Weatherby,C,50,5,6,-14,18,45,562,24,52,173,168,weathja01
MacKenzie Weegar,D,80,8,36,40,81,203,1870,156,179,0,0,weegama01
Alexander Wennberg,C,80,11,26,-26,28,95,1428,44,47,555,635,wennbal01
Zach Werenski,D,68,11,37,-15,22,216,1745,95,33,0,0,werenza01
Blake Wheeler,RW,65,17,43,-15,36,167,1270,37,62,4,17,wheelbl01
Colin White,C,24,3,7,-11,4,47,368,4,28,86,91,whiteco02
Colton White,D,27,0,4,2,8,18,358,14,24,0,0,whiteco03
Zach Whitecloud,D,59,8,11,21,20,94,1109,115,98,0,0,whiteza01
Chris Wideman,D,64,4,23,-25,67,76,952,46,44,0,0,widemch01
Maxwell Willman,C,41,4,2,-13,16,65,483,10,53,2,5,willmma01
Tom Wilson,RW,78,24,28,13,98,151,1449,55,240,22,30,wilsoto01
Luke Witkowski,D,1,0,0,0,0,0,9,0,1,0,0,witkolu01
Christian Wolanin,D,9,1,1,-1,2,5,132,13,5,0,0,wolanch01
Miles Wood,LW,3,0,0,-2,4,2,44,1,5,0,0,woodmi01
Kailer Yamamoto,RW,81,20,21,-1,40,114,1367,36,114,2,4,yamamka01
Keith Yandle,D,77,1,18,-47,14,105,1076,40,29,0,0,yandlke01
Jesse Ylonen,RW,14,2,3,2,2,16,162,4,5,0,0,yloneje01
Cameron York,D,30,3,7,-14,6,33,572,40,20,0,0,yorkca01
Pavel Zacha,C,70,15,21,-21,22,148,1179,18,80,189,188,zachapa01
Filip Zadina,RW,74,10,14,-24,10,154,1049,34,57,5,5,zadinfi01
Nikita Zadorov,D,74,4,18,11,77,106,1251,49,181,0,0,zadorni01
Nikita Zaitsev,D,62,2,9,-7,28,65,1177,103,128,0,0,zaitsni01
Yegor Zamula,D,10,0,0,-6,4,4,163,19,5,0,0,zamulye01
Jakub Zboril,D,10,0,3,1,4,13,157,10,24,0,0,zborija01
Trevor Zegras,C,75,23,38,-21,50,181,1343,27,56,217,327,zegratr01
Fabian Zetterlund,W,14,3,5,5,0,36,187,7,16,2,1,zettefa01
Mika Zibanejad,C,81,29,52,30,12,219,1591,47,67,700,638,zibanmi01
Radim Zohorna,F,17,2,4,12,4,9,176,3,23,4,8,zohorra01
Artem Zub,D,81,6,16,1,60,92,1704,124,155,0,0,zubar01
Mats Zuccarello,LW,70,24,55,21,24,159,1301,33,36,21,34,zuccama01
Jason Zucker,LW,41,8,9,-2,15,102,608,20,66,4,11,zuckeja01
